f1_micro	f1_micro_oob	f1_macro	f1_macro_oob	f1_weighted	f1_weighted_oob	f1_samples	f1_samples_oob	precision_micro	precision_micro_oob	precision_macro	precision_macro_oob	precision_weighted	precision_weighted_oob	precision_samples	precision_samples_oob	recall_micro	recall_micro_oob	recall_macro	recall_macro_oob	recall_weighted	recall_weighted_oob	recall_samples	recall_samples_oob	jaccard_micro	jaccard_micro_oob	jaccard_macro	jaccard_macro_oob	jaccard_weighted	jaccard_weighted_oob	jaccard_samples	jaccard_samples_oob	matthews_corrcoef_micro	matthews_corrcoef_micro_oob	matthews_corrcoef_macro	matthews_corrcoef_macro_oob	matthews_corrcoef_weighted	matthews_corrcoef_weighted_oob	matthews_corrcoef_samples	matthews_corrcoef_samples_oob	average_precision_micro	average_precision_micro_oob	average_precision_macro	average_precision_macro_oob	average_precision_weighted	average_precision_weighted_oob	average_precision_samples	average_precision_samples_oob	roc_auc_micro	roc_auc_micro_oob	roc_auc_macro	roc_auc_macro_oob	roc_auc_weighted	roc_auc_weighted_oob	roc_auc_samples	roc_auc_samples_oob	neg_hamming_loss_micro	neg_hamming_loss_micro_oob	neg_hamming_loss_macro	neg_hamming_loss_macro_oob	neg_hamming_loss_weighted	neg_hamming_loss_weighted_oob	neg_hamming_loss_samples	neg_hamming_loss_samples_oob	label_ranking_average_precision_score	label_ranking_average_precision_score_oob	neg_label_ranking_loss	neg_label_ranking_loss_oob	neg_coverage_error	neg_coverage_error_oob	ndgc	ndgc_oob	fold	level	tn	fp	fn	tp
0.8859020310633214		0.8859020310633214		0.8577346181989558		0.8859020310633212		0.8859020310633214		0.8859020310633214		0.8577346181989558		0.8859020310633212		0.8859020310633214		0.8859020310633214		0.8577346181989558		0.8859020310633212		0.7951742627345845		0.8028818327324329		0.7585371263084395		0.8067076292882744		0.5458972375211472		0.195535208844167		0.4089481440556065		0.3499371166022712		0.9113072297339939		0.9856987661315765		0.9812129704241025		0.9060334528076465		0.9780657814198093		0.9918210223354897		0.9878139631295697		0.9577956989247313		-0.11409796893667862		-0.11409796893667862		-0.14226538180104428		-0.1140979689366786		0.9060334528076464		-0.04220430107526882		-1.2473118279569892		0.9305734028801886		0	0	5531	0	231	0
0.9629629629629629		0.9629629629629631		0.9590356066525283		0.9629629629629628		0.9629629629629629		0.9629629629629631		0.9590356066525283		0.9629629629629628		0.9629629629629629		0.9629629629629631		0.9590356066525283		0.9629629629629628		0.9285714285714286		0.9291898188750443		0.921566591952488		0.9385560675883258		0.8665831021168193		0.8133082332177523		0.8574965210894917		0.8156354037998866		0.9856914525937349		0.990424887083787		0.9888468651196894		0.9796893667861409		0.9951269783768254		0.9960406525443447		0.9939321947594519		0.9916666666666665		-0.037037037037037035		-0.037037037037037035		-0.04096439334747182		-0.037037037037037035		0.9796893667861412		-0.008333333333333333		-1.0788530465949822		0.9851611042237786		0	1	5531	0	231	0
0.970131421744325		0.970131421744325		0.9644305540052834		0.970131421744325		0.970131421744325		0.970131421744325		0.9644305540052834		0.970131421744325		0.970131421744325		0.970131421744325		0.9644305540052834		0.970131421744325		0.9419953596287703		0.9424034264997608		0.9314802331525336		0.9508448540706607		0.8929507207426308		0.853120349954816		0.8851272855383298		0.8601961763161363		0.9873433482983368		0.9912989683877318		0.9892342392681399		0.985663082437276		0.995746567898767		0.9963225192931214		0.9940094728615381		0.9942652329749103		-0.02986857825567503		-0.029868578255675033		-0.035569445994716675		-0.029868578255675026		0.985663082437276		-0.005734767025089606		-1.064516129032258		0.9894173406041995		0	2	5531	0	231	0
0.9695340501792115		0.9695340501792115		0.9617516835956393		0.9695340501792115		0.9695340501792115		0.9695340501792115		0.9617516835956393		0.9695340501792115		0.9695340501792115		0.9695340501792115		0.9617516835956393		0.9695340501792115		0.9408695652173913		0.9414962519417834		0.9268797969466119		0.9495647721454173		0.8908416978551107		0.8569453931867216		0.8823651632600719		0.8537445634129107		0.9874195140334484		0.9906069527220867		0.9885956238974994		0.9850657108721624		0.9961687881778323		0.9962136493358189		0.993830261740927		0.9938172043010752		-0.03046594982078853		-0.03046594982078853		-0.03824831640436061		-0.03046594982078853		0.9850657108721627		-0.006182795698924731		-1.0681003584229392		0.9891296014972037		0	3	5531	0	231	0
0.966547192353644		0.966547192353644		0.9566667906884448		0.9665471923536438		0.966547192353644		0.966547192353644		0.9566667906884448		0.9665471923536438		0.966547192353644		0.966547192353644		0.9566667906884448		0.9665471923536438		0.9352601156069364		0.9360026053011117		0.9175513009326898		0.9441884280593958		0.8798518783766011		0.8477252834559378		0.8697740302595878		0.8345060527750384		0.9883593226658196		0.9908003592164164		0.9888961783121764		0.9844683393070488		0.9967384108028431		0.9964507586564538		0.9942481865370317		0.99336917562724		-0.03345280764635603		-0.03345280764635603		-0.04333320931155511		-0.03345280764635603		0.984468339307049		-0.006630824372759857		-1.07168458781362		0.988841862390208		0	4	5531	0	231	0
0.9635603345280764		0.9635603345280764		0.9503044734655408		0.9635603345280764		0.9635603345280764		0.9635603345280764		0.9503044734655408		0.9635603345280764		0.9635603345280764		0.9635603345280764		0.9503044734655408		0.9635603345280764		0.9296829971181556		0.930526807627758		0.9058841028342547		0.9390681003584229		0.8688009102128407		0.8414726044665702		0.8564212645922953		0.8165849058216335		0.9868625295111351		0.9765737353087811		0.9874705633221939		0.9841696535244921		0.9959139570034852		0.9958170536213964		0.9934374836265311		0.9929211469534049		-0.03643966547192354		-0.03643966547192354		-0.04969552653445947		-0.03643966547192353		0.9841696535244924		-0.007078853046594982		-1.075268817204301		0.9886895130217129		0	5	5531	0	231	0
0.96415770609319		0.96415770609319		0.9513586585804467		0.96415770609319		0.96415770609319		0.96415770609319		0.9513586585804467		0.96415770609319		0.96415770609319		0.96415770609319		0.9513586585804467		0.96415770609319		0.9307958477508651		0.9315635969254169		0.9077137310065938		0.9400921658986174		0.871016145850871		0.8428788308879346		0.8589028406299968		0.8201691352123144		0.9865923771428987		0.9753445260816361		0.9866033858043404		0.9808841099163679		0.9963986359037138		0.9959365564135506		0.993798243574082		0.9919354838709677		-0.035842293906810034		-0.03584229390681004		-0.04864134141955328		-0.035842293906810034		0.9808841099163681		-0.008064516129032258		-1.0788530465949822		0.9861961975412579		0	6	5531	0	231	0
0.96415770609319		0.96415770609319		0.9513586585804467		0.96415770609319		0.96415770609319		0.96415770609319		0.9513586585804467		0.96415770609319		0.96415770609319		0.96415770609319		0.9513586585804467		0.96415770609319		0.9307958477508651		0.9315635969254169		0.9077137310065938		0.9400921658986174		0.871016145850871		0.8428788308879346		0.8589028406299968		0.8201691352123144		0.9853920323611286		0.9892665052329338		0.9869351326022915		0.9787933094384706		0.9955616903801232		0.995735248963297		0.9930496750667267		0.9907706093189964		-0.035842293906810034		-0.03584229390681004		-0.04864134141955328		-0.035842293906810034		0.9787933094384709		-0.009229390681003586		-1.086021505376344		0.9847210157482877		0	7	5531	0	231	0
0.9623655913978495		0.9623655913978495		0.9494611253736157		0.9623655913978495		0.9623655913978495		0.9623655913978495		0.9494611253736157		0.9623655913978495		0.9623655913978495		0.9623655913978495		0.9494611253736157		0.9623655913978495		0.927461139896373		0.928299796133505		0.9043120947206643		0.9372759856630825		0.8643626953666061		0.8351929923020706		0.8519885971820601		0.8107338107247386		0.9848382313165321		0.9665712988468891		0.9847806245024667		0.9811827956989247		0.9957490662436136		0.9953536582982245		0.9930254827949133		0.9913082437275985		-0.03763440860215054		-0.037634408602150546		-0.05053887462638439		-0.03763440860215054		0.9811827956989247		-0.008691756272401433		-1.0788530465949822		0.9862678505026761		0	8	5531	0	231	0
0.961768219832736		0.9617682198327361		0.9499448103086903		0.9617682198327359		0.961768219832736		0.9617682198327361		0.9499448103086903		0.9617682198327359		0.961768219832736		0.9617682198327361		0.9499448103086903		0.9617682198327359		0.9263521288837745		0.9271977698270707		0.905192953117849		0.9365079365079365		0.8620167258456825		0.8296788778650468		0.8497264503501224		0.8100169648466023		0.9856140272104109		0.9896879405363803		0.9872104744132113		0.981780167264038		0.9956591258291382		0.9958139502626482		0.9930759404340121		0.992204301075269		-0.038231780167264036		-0.03823178016726404		-0.05005518969130981		-0.038231780167264036		0.9817801672640383		-0.007795698924731183		-1.075268817204301		0.986707938978167		0	9	5531	0	231	0
0.8936678614097969		0.8936678614097969		0.8722575684290161		0.8936678614097968		0.8936678614097969		0.8936678614097969		0.8722575684290161		0.8936678614097968		0.8936678614097969		0.8936678614097969		0.8722575684290161		0.8936678614097968		0.8077753779697624		0.8137622777474182		0.7791585957685765		0.820020481310804		0.5833886367904099		0.2189035872218269		0.45181259391108636		0.39653209868112427		0.9151058727161694		0.9896172479818012		0.9854561825578103		0.9026284348864994		0.9790851061171973		0.9944816143677842		0.9905170051366321		0.9570788530465949		-0.1063321385902031		-0.10633213859020312		-0.12774243157098386		-0.10633213859020309		0.9026284348864995		-0.04292114695340502		-1.2508960573476702		0.9280848124070051		1	0	5531	0	230	0
0.96415770609319		0.96415770609319		0.96124319430492		0.96415770609319		0.96415770609319		0.96415770609319		0.96124319430492		0.96415770609319		0.96415770609319		0.96415770609319		0.96124319430492		0.96415770609319		0.9307958477508651		0.9313484238691725		0.9255857033929852		0.9400921658986174		0.8713055080052318		0.8154399765542331		0.8629520545726774		0.817069095556159		0.9881728951056573		0.9917913985602431		0.9888289038899672		0.9814814814814814		0.9959976515558444		0.9957806658350897		0.992873018263868		0.9923835125448028		-0.035842293906810034		-0.03584229390681004		-0.03875680569508007		-0.035842293906810034		0.9814814814814816		-0.0076164874551971325		-1.075268817204301		0.9864839366482536		1	1	5531	0	230	0
0.9683393070489845		0.9683393070489844		0.9610819659932284		0.9683393070489845		0.9683393070489845		0.9683393070489844		0.9610819659932284		0.9683393070489845		0.9683393070489845		0.9683393070489844		0.9610819659932284		0.9683393070489845		0.9386218876664737		0.9390132146933278		0.9251655704935554		0.9472606246799795		0.8866987050782845		0.8481137369662947		0.8777053449628921		0.8421587012909261		0.989434742194167		0.9917361198837572		0.9893470580914172		0.9826762246117083		0.9963012004546986		0.996279852942371		0.9938309750773878		0.9926523297491039		-0.031660692951015534		-0.031660692951015534		-0.038918034006771594		-0.03166069295101553		0.9826762246117086		-0.007347670250896057		-1.075268817204301		0.987519029965733		1	2	5531	0	230	0
0.972520908004779		0.9725209080047789		0.9647654128064888		0.9725209080047789		0.972520908004779		0.9725209080047789		0.9647654128064888		0.9725209080047789		0.972520908004779		0.9725209080047789		0.9647654128064888		0.9725209080047789		0.9465116279069767		0.9467806163558897		0.932004796359565		0.9541730670762929		0.9019761946945605		0.8674838271661344		0.8937090186381439		0.865930943341226		0.9888328294039642		0.9914245942078429		0.9889038793496272		0.9841696535244924		0.9967558992167689		0.9963689580064745		0.993971102864174		0.9929211469534049		-0.027479091995221028		-0.027479091995221028		-0.03523458719351119		-0.027479091995221024		0.9841696535244921		-0.007078853046594983		-1.075268817204301		0.9886895130217129		1	3	5531	0	230	0
0.9671445639187575		0.9671445639187574		0.9558110404186977		0.9671445639187574		0.9671445639187575		0.9671445639187574		0.9558110404186977		0.9671445639187574		0.9671445639187575		0.9671445639187574		0.9558110404186977		0.9671445639187574		0.9363794100636206		0.9368910154909008		0.9156192888871068		0.9452124935995906		0.8821726905144374		0.8505360991237328		0.8708217973815047		0.8365402623376418		0.9880977157513937		0.9909090827849211		0.9881016895068627		0.9850657108721624		0.9969682585287247		0.9962886380749428		0.9937983528361689		0.9938172043010752		-0.032855436081242535		-0.032855436081242535		-0.044188959581302485		-0.03285543608124253		0.9850657108721627		-0.006182795698924731		-1.0681003584229392		0.9891296014972037		1	4	5531	0	230	0
0.9629629629629629		0.9629629629629631		0.9508625714675498		0.9629629629629628		0.9629629629629629		0.9629629629629631		0.9508625714675498		0.9629629629629628		0.9629629629629629		0.9629629629629631		0.9508625714675498		0.9629629629629628		0.9285714285714286		0.9292448658201092		0.9065795764828525		0.9380440348182284		0.8667225857483396		0.8343079475070274		0.8542993359031631		0.8114506566028747		0.9860208660930351		0.9895275221869259		0.9863119070613271		0.989247311827957		0.9959339437622574		0.9953140470768395		0.9921105288134849		0.9956989247311826		-0.037037037037037035		-0.03703703703703704		-0.0491374285324503		-0.037037037037037035		0.989247311827957		-0.004301075268817205		-1.0573476702508962		0.9920630054531496		1	5	5531	0	230	0
0.961768219832736		0.9617682198327361		0.9497587776413539		0.9617682198327359		0.961768219832736		0.9617682198327361		0.9497587776413539		0.9617682198327359		0.961768219832736		0.9617682198327361		0.9497587776413539		0.9617682198327359		0.9263521288837745		0.9270388534223039		0.9045739631876889		0.9362519201228877		0.8622853221006619		0.8288132015718127		0.8499699398536712		0.8055995615059799		0.9857977387725774		0.9883599020754882		0.9853380950824192		0.9880525686977298		0.9961737848675252		0.9952641020713333		0.9921122734858558		0.9948028673835124		-0.038231780167264036		-0.03823178016726404		-0.050241222358646184		-0.038231780167264036		0.9880525686977301		-0.005197132616487456		-1.064516129032258		0.9914875272391582		1	6	5531	0	230	0
0.9605734767025089		0.960573476702509		0.9472039290099342		0.9605734767025089		0.9605734767025089		0.960573476702509		0.9472039290099342		0.9605734767025089		0.9605734767025089		0.960573476702509		0.9472039290099342		0.9605734767025089		0.9241379310344827		0.9248403314063185		0.8999709549011529		0.9342037890424986		0.8578374752020579		0.8257787812628382		0.8448203471156638		0.7984311027246179		0.9839415606960812		0.97404751970544		0.9835453163262385		0.9859617682198326		0.9952144204464544		0.9944680359303087		0.990977824226575		0.9936379928315413		-0.03942652329749104		-0.039426523297491044		-0.052796070990065856		-0.03942652329749104		0.9859617682198328		-0.006362007168458781		-1.07168458781362		0.9900123454461879		1	7	5531	0	230	0
0.9605734767025089		0.960573476702509		0.9483821359030646		0.9605734767025089		0.9605734767025089		0.960573476702509		0.9483821359030646		0.9605734767025089		0.9605734767025089		0.960573476702509		0.9483821359030646		0.9605734767025089		0.9241379310344827		0.9248253185904504		0.9020795460954478		0.9342037890424986		0.8578374752020579		0.8235552031315861		0.8454528570628709		0.7984311027246179		0.9835318282282564		0.9735905189343464		0.9831102827419922		0.9826762246117083		0.99575156458846		0.9949064298021426		0.9916609918041464		0.9914874551971327		-0.03942652329749104		-0.039426523297491044		-0.051617864096935424		-0.03942652329749104		0.9826762246117086		-0.008512544802867384		-1.082437275985663		0.9876155587414814		1	8	5531	0	230	0
0.959378733572282		0.959378733572282		0.9460009177611589		0.9593787335722819		0.959378733572282		0.959378733572282		0.9460009177611589		0.9593787335722819		0.959378733572282		0.959378733572282		0.9460009177611589		0.9593787335722819		0.9219288174512055		0.9227022490477795		0.8978431855918335		0.9321556579621095		0.8533788282879077		0.8209511764367634		0.8403032359780568		0.7912626439432559		0.9819876232541527		0.9858305061932412		0.9820018180458284		0.9862604540023894		0.9949321074787953		0.9940514102632293		0.9900084345073633		0.9940860215053764		-0.04062126642771804		-0.040621266427718045		-0.053999082238841145		-0.04062126642771804		0.9862604540023896		-0.005913978494623656		-1.0681003584229392		0.9901646948146829		1	9	5531	0	230	0
0.8870967741935484		0.8870967741935484		0.8598429884287682		0.8870967741935483		0.8870967741935484		0.8870967741935484		0.8598429884287682		0.8870967741935483		0.8870967741935484		0.8870967741935484		0.8598429884287682		0.8870967741935483		0.7971014492753623		0.8044002124743083		0.7612166199705727		0.8090117767537123		0.5510269109077632		0.19960897344242348		0.41600879937187807		0.35997295889617803		0.9124881032498073		0.9892580051565109		0.9833403446508697		0.9014336917562723		0.9789377037712516		0.9940671743606303		0.9893843655018093		0.9570788530465949		-0.11290322580645161		-0.11290322580645162		-0.1401570115712319		-0.11290322580645158		0.9014336917562724		-0.04292114695340502		-1.2508960573476702		0.9272312622533955		2	0	5531	0	229	0
0.966547192353644		0.966547192353644		0.9629422926665921		0.9665471923536438		0.966547192353644		0.966547192353644		0.9629422926665921		0.9665471923536438		0.966547192353644		0.966547192353644		0.9629422926665921		0.9665471923536438		0.9352601156069364		0.9356096811689962		0.9286304172319165		0.9444444444444444		0.8801162699137093		0.7931677377527461		0.8718459142221114		0.8327233768033502		0.9884021509746376		0.993367272712285		0.990950557790467		0.9778972520908004		0.9964211210073326		0.9967516954381782		0.9944624841110266		0.9909498207885306		-0.03345280764635603		-0.03345280764635604		-0.03705770733340774		-0.03345280764635603		0.9778972520908006		-0.009050179211469535		-1.082437275985663		0.9838382717993036		2	1	5531	0	229	0
0.9719235364396654		0.9719235364396654		0.9656955761431708		0.9719235364396653		0.9719235364396654		0.9719235364396654		0.9656955761431708		0.9719235364396653		0.9719235364396654		0.9719235364396654		0.9656955761431708		0.9719235364396653		0.9453805926786751		0.9457250761672663		0.9338249270354786		0.9539170506912443		0.8995915607006212		0.8628234676593367		0.8921449806040624		0.8693988446601018		0.9900291233900581		0.993668383604165		0.9915342538893177		0.9796893667861409		0.9963574132137458		0.9968285132468525		0.9946404826439711		0.9916666666666667		-0.028076463560334528		-0.028076463560334528		-0.03430442385682926		-0.028076463560334528		0.9796893667861412		-0.008333333333333333		-1.0788530465949822		0.9851611042237786		2	2	5531	0	229	0
0.9719235364396654		0.9719235364396654		0.964331336582704		0.9719235364396656		0.9719235364396654		0.9719235364396654		0.964331336582704		0.9719235364396656		0.9719235364396654		0.9719235364396654		0.964331336582704		0.9719235364396656		0.9453805926786751		0.9458093216675197		0.9313994888880442		0.9541730670762929		0.8995183842386094		0.8670548703701577		0.891520412792734		0.8722662281726465		0.9890195263946929		0.9926124523136131		0.9902296952316582		0.9832735961768219		0.9964286160418723		0.9963929190943591		0.9939173130805119		0.993100358422939		-0.028076463560334528		-0.028076463560334528		-0.03566866341729609		-0.028076463560334525		0.9832735961768221		-0.006899641577060933		-1.07168458781362		0.9878067690727288		2	3	5531	0	229	0
0.9719235364396654		0.9719235364396656		0.9633391623569099		0.9719235364396653		0.9719235364396654		0.9719235364396656		0.9633391623569099		0.9719235364396653		0.9719235364396654		0.9719235364396656		0.9633391623569099		0.9719235364396653		0.9453805926786751		0.9460052760228815		0.9298718002273243		0.9539170506912443		0.8995915607006212		0.8702868737980091		0.8913201580778406		0.8693988446601018		0.9889337972523987		0.9925105057559868		0.9902724646533887		0.9814814814814814		0.9964061309382535		0.9965997521886009		0.9943189681868443		0.9923835125448028		-0.028076463560334528		-0.028076463560334525		-0.036660837643090124		-0.028076463560334528		0.9814814814814816		-0.0076164874551971325		-1.075268817204301		0.9864839366482536		2	4	5531	0	229	0
0.967741935483871		0.967741935483871		0.9557738338852302		0.967741935483871		0.967741935483871		0.967741935483871		0.9557738338852302		0.967741935483871		0.967741935483871		0.967741935483871		0.9557738338852302		0.967741935483871		0.9375		0.9383654323470857		0.916047625594783		0.9464925755248336		0.884369987797363		0.8593761387547425		0.8736319556598723		0.8414418554127899		0.9882041714223291		0.9921417108659707		0.9896488940695203		0.9802867383512545		0.9961662898329856		0.9963512783309345		0.9938639396863809		0.9921146953405018		-0.03225806451612903		-0.03225806451612903		-0.04422616611476976		-0.03225806451612903		0.9802867383512545		-0.007885304659498209		-1.075268817204301		0.9854488433307743		2	5	5531	0	229	0
0.96415770609319		0.96415770609319		0.9523384306284184		0.96415770609319		0.96415770609319		0.96415770609319		0.9523384306284184		0.96415770609319		0.96415770609319		0.96415770609319		0.9523384306284184		0.96415770609319		0.9307958477508651		0.9316842378721222		0.9096497308086637		0.9406041986687148		0.871016145850871		0.8422239791243897		0.8593727113112214		0.8228038625812487		0.9863594627359562		0.9776328889936329		0.9874220258598466		0.9838709677419355		0.9953818095511723		0.9953747610860049		0.9924605885256372		0.9935483870967744		-0.035842293906810034		-0.035842293906810034		-0.047661569371581655		-0.035842293906810034		0.9838709677419355		-0.006451612903225807		-1.0681003584229392		0.9880945081797246		2	6	5531	0	229	0
0.9629629629629629		0.9629629629629631		0.9508625714675498		0.9629629629629628		0.9629629629629629		0.9629629629629631		0.9508625714675498		0.9629629629629628		0.9629629629629629		0.9629629629629631		0.9508625714675498		0.9629629629629628		0.9285714285714286		0.9295598593588483		0.9070596868004666		0.9385560675883258		0.8665831021168193		0.8375588735789927		0.8545894686359036		0.8156354037998866		0.9843149969345137		0.9758609707219074		0.9853241206016564		0.9796893667861409		0.9955042284486528		0.9951877049762231		0.9921299715638907		0.9916666666666667		-0.037037037037037035		-0.03703703703703704		-0.049137428532450296		-0.037037037037037035		0.9796893667861412		-0.008333333333333333		-1.0788530465949822		0.9851611042237786		2	7	5531	0	229	0
0.965352449223417		0.965352449223417		0.9548188661929036		0.9653524492234169		0.965352449223417		0.965352449223417		0.9548188661929036		0.9653524492234169		0.965352449223417		0.965352449223417		0.9548188661929036		0.9653524492234169		0.9330254041570438		0.9337837070035689		0.9141020806792961		0.942652329749104		0.8754390031907545		0.8442096036049573		0.8647686995990019		0.8299723213626107		0.9852884869012439		0.9764860622175245		0.986061085273151		0.9808841099163679		0.9952718823779245		0.9952207527835126		0.9921711481411936		0.9919354838709677		-0.03464755077658303		-0.03464755077658304		-0.04518113380709652		-0.03464755077658303		0.9808841099163681		-0.008064516129032258		-1.0788530465949822		0.9861961975412579		2	8	5531	0	229	0
0.9635603345280764		0.9635603345280764		0.9525492676513996		0.9635603345280764		0.9635603345280764		0.9635603345280764		0.9525492676513996		0.9635603345280764		0.9635603345280764		0.9635603345280764		0.9525492676513996		0.9635603345280764		0.9296829971181556		0.9305168962026694		0.9099235018277476		0.9395801331285203		0.8688009102128407		0.8371984591898315		0.8573142310976837		0.8192196331905677		0.984421782071154		0.9899429547360246		0.986442066093546		0.9823775388291517		0.9953118558954692		0.9953657357037442		0.9920781316488642		0.9926523297491041		-0.03643966547192354		-0.03643966547192354		-0.047450732348600415		-0.03643966547192353		0.9823775388291519		-0.007347670250896058		-1.07168458781362		0.9869956780851628		2	9	5531	0	229	0
0.8894862604540024		0.8894862604540025		0.8651511205367662		0.8894862604540023		0.8894862604540024		0.8894862604540025		0.8651511205367662		0.8894862604540023		0.8894862604540024		0.8894862604540025		0.8651511205367662		0.8894862604540023		0.800968262506724		0.8085614259378473		0.7704605612978808		0.8125960061443933		0.5634336862388571		0.20464195735619575		0.42718933803153825		0.3701251292618901		0.9185615572216309		0.9872601009164361		0.9834683085141249		0.9126045400238949		0.9803829962649745		0.9938452194052366		0.9899819227064816		0.961111111111111		-0.11051373954599761		-0.11051373954599762		-0.13484887946323376		-0.1105137395459976		0.9126045400238948		-0.038888888888888896		-1.2293906810035842		0.9352989215314753		3	0	5531	0	229	0
0.9635603345280764		0.9635603345280764		0.9619501184407983		0.9635603345280765		0.9635603345280764		0.9635603345280764		0.9619501184407983		0.9635603345280765		0.9635603345280764		0.9635603345280764		0.9619501184407983		0.9635603345280765		0.9296829971181556		0.9302143082374495		0.9270497906111338		0.9395801331285203		0.8689373153516953		0.7730139271805023		0.8608190051832392		0.81766961336249		0.9874983894541152		0.9923370888092173		0.9905089569540677		0.982078853046595		0.9963086954892383		0.9967228771799422		0.9946634250557008		0.992831541218638		-0.03643966547192354		-0.03643966547192354		-0.0380498815592018		-0.03643966547192353		0.982078853046595		-0.007168458781362007		-1.07168458781362		0.9867716757552494		3	1	5531	0	229	0
0.970131421744325		0.9701314217443251		0.9641825104488349		0.970131421744325		0.970131421744325		0.9701314217443251		0.9641825104488349		0.970131421744325		0.970131421744325		0.9701314217443251		0.9641825104488349		0.970131421744325		0.9419953596287703		0.9426452512004935		0.9315391423206183		0.9508448540706607		0.8930325922771609		0.8545461637109831		0.8857765865093373		0.8586461564880586		0.9893771901069136		0.99274105067355		0.9908946674944573		0.9814814814814816		0.9967346632855733		0.9969509263289628		0.9950193585357539		0.9921146953405018		-0.02986857825567503		-0.029868578255675033		-0.03581748955116519		-0.029868578255675026		0.9814814814814816		-0.007885304659498209		-1.075268817204301		0.986302393484384		3	2	5531	0	229	0
0.970131421744325		0.970131421744325		0.9622725750641812		0.9701314217443249		0.970131421744325		0.970131421744325		0.9622725750641812		0.9701314217443249		0.970131421744325		0.970131421744325		0.9622725750641812		0.9701314217443249		0.9419953596287703		0.9426292652699186		0.9278690737815074		0.9505888376856119		0.8930325922771609		0.8590633709797552		0.8845128077051477		0.8573287928035915		0.9874342961795328		0.9914595668144751		0.98894863638327		0.9874551971326165		0.9961875257641812		0.9961951263787835		0.9936876753898866		0.9949820788530467		-0.02986857825567503		-0.029868578255675033		-0.03772742493581873		-0.029868578255675026		0.9874551971326165		-0.005017921146953406		-1.060931899641577		0.9907401730286745		3	3	5531	0	229	0
0.96415770609319		0.96415770609319		0.9520035718272128		0.96415770609319		0.96415770609319		0.96415770609319		0.9520035718272128		0.96415770609319		0.96415770609319		0.96415770609319		0.9520035718272128		0.96415770609319		0.9307958477508651		0.9316855436349023		0.909128691931362		0.9403481822836662		0.871016145850871		0.8415880912592453		0.8593925594619608		0.8214864988967815		0.9875725289658762		0.9910149871228974		0.9883594996693155		0.989247311827957		0.9964298652142956		0.9961747510199538		0.9936676928747777		0.9956989247311826		-0.035842293906810034		-0.035842293906810034		-0.04799642817278714		-0.035842293906810034		0.989247311827957		-0.004301075268817205		-1.0573476702508962		0.9920630054531496		3	4	5531	0	229	0
0.9629629629629629		0.9629629629629629		0.9511602237352882		0.9629629629629628		0.9629629629629629		0.9629629629629629		0.9511602237352882		0.9629629629629628		0.9629629629629629		0.9629629629629629		0.9511602237352882		0.9629629629629628		0.9285714285714286		0.9294738645424042		0.9075675066895987		0.9383000512032772		0.8665831021168193		0.8352324253727484		0.8549062070714923		0.8143180401154195		0.987594337134003		0.9911422132388141		0.9888298505198181		0.9874551971326165		0.9962274992817257		0.9963188534971636		0.9939292837801611		0.9949820788530467		-0.037037037037037035		-0.037037037037037035		-0.04883977626471209		-0.037037037037037035		0.9874551971326165		-0.005017921146953405		-1.060931899641577		0.9907401730286745		3	5	5531	0	229	0
0.9623655913978495		0.9623655913978495		0.9500316255534472		0.9623655913978495		0.9623655913978495		0.9623655913978495		0.9500316255534472		0.9623655913978495		0.9623655913978495		0.9623655913978495		0.9500316255534472		0.9623655913978495		0.927461139896373		0.9284033119747517		0.9055140808785774		0.9372759856630825		0.8643626953666061		0.8317537439956019		0.8519693939126131		0.8107338107247385		0.9855295172071343		0.9903928577655495		0.9872730037050138		0.9868578255675029		0.9958402558305123		0.9958834303028308		0.9930559042135639		0.9945340501792116		-0.03763440860215054		-0.03763440860215054		-0.04996837444655282		-0.03763440860215054		0.9868578255675031		-0.00546594982078853		-1.064516129032258		0.9904524339216787		3	6	5531	0	229	0
0.959378733572282		0.959378733572282		0.9479232553236349		0.9593787335722819		0.959378733572282		0.959378733572282		0.9479232553236349		0.9593787335722819		0.959378733572282		0.959378733572282		0.9479232553236349		0.9593787335722819		0.9219288174512055		0.9228682360940228		0.9016069684921805		0.9321556579621095		0.8532207454683256		0.8157508062151534		0.840673202538179		0.7928126637713335		0.9840240738707866		0.9899365232428671		0.9865430050842593		0.9868578255675029		0.9952406530673428		0.9956715846519945		0.9926406958918103		0.9945340501792116		-0.04062126642771804		-0.04062126642771804		-0.05207674467636518		-0.04062126642771804		0.9868578255675031		-0.00546594982078853		-1.064516129032258		0.9904524339216787		3	7	5531	0	229	0
0.961768219832736		0.9617682198327359		0.9508749736453723		0.9617682198327361		0.961768219832736		0.9617682198327359		0.9508749736453723		0.9617682198327361		0.961768219832736		0.9617682198327359		0.9508749736453723		0.9617682198327361		0.9263521288837745		0.9271015457965944		0.9067834467138736		0.9362519201228879		0.8621396634914474		0.8252625566509376		0.8503665519352146		0.8071495813340576		0.9843771403548303		0.9905326024405511		0.9868866525944882		0.9862604540023894		0.9952156696188774		0.9955476881074681		0.9923310295699884		0.9938172043010752		-0.038231780167264036		-0.03823178016726404		-0.04912502635462788		-0.038231780167264036		0.9862604540023896		-0.006182795698924731		-1.0681003584229392		0.9899831516508134		3	8	5531	0	229	0
0.9599761051373955		0.9599761051373954		0.9483449293695976		0.9599761051373956		0.9599761051373955		0.9599761051373954		0.9483449293695976		0.9599761051373956		0.9599761051373955		0.9599761051373954		0.9483449293695976		0.9599761051373956		0.9230327398047099		0.9239097109866864		0.9023421272399429		0.9331797235023043		0.8554545481975525		0.8193655997599839		0.8432248215110005		0.7963968931620146		0.9830031476551656		0.9619106851660186		0.9841901958950732		0.9895459976105137		0.994128889610633		0.9944563586597363		0.9914089667974937		0.9950716845878136		-0.04002389486260454		-0.04002389486260454		-0.05165507063040271		-0.04002389486260454		0.9895459976105139		-0.00492831541218638		-1.064516129032258		0.992658010295138		3	9	5531	0	229	0
0.8835125448028673		0.8835125448028673		0.8535178777393311		0.8835125448028672		0.8835125448028673		0.8835125448028673		0.8535178777393311		0.8835125448028672		0.8835125448028673		0.8835125448028673		0.8535178777393311		0.8835125448028672		0.7913322632423756		0.7998963987610833		0.7532687134178229		0.8026113671274963		0.53396322650235		0.1858421762944533		0.3918427924972881		0.33560019903954724		0.9127792987341911		0.9874027040288206		0.9830267811876374		0.9000597371565113		0.9783818220428966		0.9930318336619944		0.9891876365500286		0.9560931899641577		-0.11648745519713262		-0.11648745519713262		-0.146482122260669		-0.11648745519713259		0.9000597371565113		-0.04390681003584229		-1.2544802867383513		0.9260390945601498		4	0	5531	0	228	0
0.9647550776583035		0.9647550776583035		0.9616896727065272		0.9647550776583034		0.9647550776583035		0.9647550776583035		0.9616896727065272		0.9647550776583034		0.9647550776583035		0.9647550776583035		0.9616896727065272		0.9647550776583034		0.9319099826889786		0.932446986426395		0.9265292487121882		0.9416282642089092		0.8733591007041976		0.78323257826325		0.864691483327426		0.8248380721438521		0.9878031763453479		0.9941183906110643		0.9915047277763496		0.9832735961768219		0.9959239503828714		0.9966784588174665		0.9942728176539517		0.993100358422939		-0.03524492234169654		-0.03524492234169654		-0.03831032729347274		-0.03524492234169653		0.9832735961768221		-0.006899641577060932		-1.07168458781362		0.9878067690727288		4	1	5531	0	228	0
0.9731182795698925		0.9731182795698924		0.9696394686907022		0.9731182795698925		0.9731182795698925		0.9731182795698924		0.9696394686907022		0.9731182795698925		0.9731182795698925		0.9731182795698924		0.9696394686907022		0.9731182795698925		0.9476439790575916		0.9479660500026403		0.9413552907230783		0.9557091653865847		0.9040409052946707		0.8265743408189947		0.8978610033595799		0.8736999199289188		0.9900297721649605		0.9945029088289963		0.9920731472205551		0.9808841099163679		0.9963786491449413		0.9968361295419473		0.994551631330673		0.9919354838709677		-0.026881720430107527		-0.02688172043010753		-0.03036053130929791		-0.026881720430107527		0.9808841099163681		-0.008064516129032258		-1.0788530465949822		0.9861961975412579		4	2	5531	0	228	0
0.9707287933094385		0.9707287933094384		0.9682256204189456		0.9707287933094384		0.9707287933094385		0.9707287933094384		0.9682256204189456		0.9707287933094384		0.9707287933094385		0.9707287933094384		0.9682256204189456		0.9707287933094384		0.943122460824144		0.9438096737010028		0.9390241256133434		0.9513568868407579		0.8954423473618215		0.812466672622663		0.8885028988181419		0.8564956188536501		0.9913074774313562		0.9951442911387977		0.9930961188811949		0.9832735961768219		0.9976253232233645		0.9975712745531623		0.9958308227788022		0.993100358422939		-0.02927120669056153		-0.029271206690561536		-0.03177437958105443		-0.029271206690561526		0.9832735961768221		-0.006899641577060932		-1.07168458781362		0.9878067690727288		4	3	5531	0	228	0
0.9689366786140979		0.9689366786140979		0.9628058687105454		0.9689366786140982		0.9689366786140979		0.9689366786140979		0.9628058687105454		0.9689366786140982		0.9689366786140979		0.9689366786140979		0.9628058687105454		0.9689366786140982		0.9397450753186558		0.940295341070926		0.9286483427856901		0.9485407066052226		0.8888880972181249		0.812079917942275		0.8798383515683893		0.8470602943660742		0.991010506633909		0.9947118672176428		0.992335136582269		0.9850657108721624		0.9972780532896955		0.9970219829365702		0.9948310468812693		0.9938172043010752		-0.03106332138590203		-0.031063321385902037		-0.03719413128945443		-0.03106332138590203		0.9850657108721627		-0.006182795698924731		-1.0681003584229392		0.9891296014972037		4	4	5531	0	228	0
0.9689366786140979		0.968936678614098		0.9607843137254901		0.9689366786140982		0.9689366786140979		0.968936678614098		0.9607843137254901		0.9689366786140982		0.9689366786140979		0.968936678614098		0.9607843137254901		0.9689366786140982		0.9397450753186558		0.9403514833897377		0.924897127676013		0.9485407066052226		0.8888880972181249		0.8537721462422528		0.879549941869926		0.8470602943660742		0.9912656832432181		0.9950171661379225		0.9924853683151391		0.9868578255675029		0.9971106641849774		0.9969686384120259		0.9947084321242593		0.9945340501792116		-0.03106332138590203		-0.031063321385902034		-0.039215686274509796		-0.03106332138590203		0.9868578255675031		-0.00546594982078853		-1.064516129032258		0.9904524339216787		4	5	5531	0	228	0
0.9659498207885304		0.9659498207885305		0.9573489104686783		0.9659498207885304		0.9659498207885304		0.9659498207885305		0.9573489104686783		0.9659498207885304		0.9659498207885304		0.9659498207885305		0.9573489104686783		0.9659498207885304		0.9341421143847487		0.9347218918138305		0.9184983426854899		0.9434203789042499		0.8779172911955546		0.8040378067983903		0.8670769408194533		0.8291391474126693		0.9901185421729389		0.9940107765763168		0.991197090156575		0.9832735961768219		0.9964248685246024		0.996093938850263		0.99323253580158		0.993100358422939		-0.034050179211469536		-0.034050179211469536		-0.0426510895313217		-0.034050179211469536		0.9832735961768221		-0.006899641577060932		-1.07168458781362		0.9878067690727288		4	6	5531	0	228	0
0.967741935483871		0.967741935483871		0.9592464436755095		0.967741935483871		0.967741935483871		0.967741935483871		0.9592464436755095		0.967741935483871		0.967741935483871		0.967741935483871		0.9592464436755095		0.967741935483871		0.9375		0.9379608052106262		0.9219200038969909		0.9464925755248338		0.8845069525095921		0.8121253617525023		0.8742570040723615		0.8398918355847123		0.9902735491477134		0.9939385822419152		0.9913866597572117		0.9886499402628435		0.9968808164590958		0.9966922929767654		0.9943112178482313		0.9952508960573477		-0.03225806451612903		-0.03225806451612904		-0.040753556324490584		-0.03225806451612903		0.9886499402628436		-0.00474910394265233		-1.060931899641577		0.991775266346154		4	7	5531	0	228	0
0.9659498207885304		0.9659498207885305		0.9576961714477064		0.9659498207885304		0.9659498207885304		0.9659498207885305		0.9576961714477064		0.9659498207885304		0.9659498207885304		0.9659498207885305		0.9576961714477064		0.9659498207885304		0.9341421143847487		0.9347022105612758		0.9190472660558888		0.9436763952892987		0.8779172911955546		0.8383909982188363		0.8677463006310924		0.8304565110971363		0.9898504050563125		0.9939938997732843		0.9912160945432624		0.985663082437276		0.9964785829388031		0.9964562629209901		0.9938647332479319		0.9942652329749103		-0.034050179211469536		-0.03405017921146953		-0.04230382855229378		-0.034050179211469536		0.985663082437276		-0.005734767025089606		-1.064516129032258		0.9894173406041995		4	8	5531	0	228	0
0.965352449223417		0.9653524492234169		0.9582914759831827		0.9653524492234169		0.965352449223417		0.9653524492234169		0.9582914759831827		0.9653524492234169		0.965352449223417		0.9653524492234169		0.9582914759831827		0.9653524492234169		0.9330254041570438		0.9334668069152752		0.9200790713144066		0.942652329749104		0.8757158546590929		0.7968000801819825		0.8655765675641899		0.8268722817064552		0.9892789612521377		0.9933306341108413		0.9906047006545557		0.9868578255675029		0.9962612269371541		0.9963267608267491		0.993679167889971		0.9945340501792116		-0.03464755077658303		-0.03464755077658303		-0.04170852401681736		-0.03464755077658303		0.9868578255675031		-0.00546594982078853		-1.064516129032258		0.9904524339216787		4	9	5531	0	228	0
